libswresample-ffmpeg1,0
x11proto-video-dev,0
cups-client,0
python-scipy,0
xserver-xorg-input-all-hwe-16.04,0
opensp,0
rsyslog,1989259
compiz-gnome,0
python-pysqlite2,0
x11proto-gl-dev,0
dconf-tools,0
libgit2-24,0
libutempter0,0
libsnapd-glib1,0
libwinpr-environment0.1,0
xbrlapi,0
libfm-gtk-data,0
printer-driver-gutenprint,0
libgusb2,4837761
libnfsidmap2,7373962
xauth,0
gstreamer1.0-tools,0
snapd-login-service,0
lubuntu-lxpanel-icons,0
libytnef0,0
libgnutls-dev,0
gir1.2-gnomekeyring-1.0,0
libtag1v5-vanilla,0
python-psutil,0
p11-kit,5176
libusbredirparser-dev,0
libfop-java,0
grilo-plugins-0.2-extra,0
libqtcore4,0
xdotool,0
clipit,7410041
parted,0
gnome-disk-utility,0
qml-module-ubuntu-layouts,0
xsltproc,0
libwacom-bin,0
libbonobo2-common,0
libtext-wrapi18n-perl,0
imagemagick-6.q16,0
gir1.2-atspi-2.0,0
gnome-power-manager,0
acpi-support,0
libwinpr-sysinfo0.1,0
system-config-printer-udev,0
libnspr4-dev,0
tipa,0
sendmail,0
libgrail6,0
printer-driver-min12xxw,0
fonts-cantarell,0
doc-base,0
vim-gnome,0
procmail,0
python3-click-package,0
lib32ncurses5-dev,0
lua-lpeg,0
libmount1,7366709
libv4l-0,0
totem-common,0
language-pack-gnome-en,0
libxmlgraphics-commons-java,0
menu,0
libaudgui3,0
appmenu-qt5,0
libgettextpo-dev,0
libflac8,14727504
ltrace,0
libapr1,1988535
gnome-themes-standard,0
qtchooser,0
ntfs-3g,1179
libqt5network5,0
dictionaries-common,0
python3-mako,0
libzeitgeist-1.0-1,0
libisofs6,0
isc-dhcp-server,7368016
signon-ui-service,0
qml-module-ubuntu-components,0
m4,0
libxxf86dga1,0
python3-pyatspi,0
git-email,0
dconf-service,6561106
libselinux1-dev,0
libsemanage-common,0
cups-core-drivers,0
libmagickcore-6.q16-2-extra,0
sendmail-bin,0
libmircookie2,0
libwayland-egl1-mesa,41658815
libgnomekbd-common,0
gvfs-fuse,4840879
libmusicbrainz3-6v5,0
unity-scopes-master-default,0
libwinpr-handle0.1,0
intltool-debian,0
libpackagekit-glib2-16,0
libzvbi-common,0
libxkbcommon-dev,0
libxapian22v5,7366601
libgmlib1,0
hplip-data,0
libfreerdp-crypto1.1,0
cgroupfs-mount,0
ffmpegthumbnailer,0
libpixman-1-dev,0
dleyna-renderer,0
libfontbox-java,0
fonts-tlwg-waree-ttf,0
libfcitx-qt0,0
lib32tinfo-dev,0
libwinpr-crt0.1,0
libsoxr0,0
libprocps4,4097
qml-module-qt-labs-folderlistmodel,0
libopencv-contrib2.4v5,0
libswscale-ffmpeg3,0
libburn4,0
libfreerdp-core1.1,0
libguess1,0
libsigsegv2,0
printer-driver-pxljr,0
libgstreamer1.0-0,14731819
aptitude-common,0
ubuntu-wallpapers,0
grub-pc,0
docbook-xsl,0
libnm-glib4,0
gimp,0
libmodule-runtime-perl,0
jadetex,0
gperf,0
libpotrace0,0
libgtksourceview-3.0-common,0
xpad,0
libhogweed4,36142992
libxft2,7365338
libiw30,0
libmircommon5,0
libcolumbus1v5,0
libmircommon7,41656996
libjpeg-progs,0
libumfpack5.7.1,0
nettle-dev,0
lubuntu-default-settings,0
lxappearance,0
libzeitgeist-2.0-0,22092803
libqt5xml5,0
libcupsimage2,0
indicator-application-gtk2,7367212
cups-browsed,43888
libbdplus0,0
libgck-1-0,52243576
fonts-freefont-ttf,0
sensible-utils,0
libusb-0.1-4,0
gir1.2-peas-1.0,0
libsofia-sip-ua-glib3,0
whiptail,0
gnome-calendar,0
helix-cli-base,0
qml-module-qt-labs-settings,0
libwhoopsie0,7367883
libinput10,0
libclutter-1.0-0,0
python3-pkg-resources,0
libice-dev,0
libssl-dev,0
libio-html-perl,0
libacl1,24090258
python3-reportlab,0
python3-xkit,0
libmircore1,41657613
libp11-kit-dev,0
libgtop-2.0-10,7364613
libpoppler-glib8,0
libblas3,0
lxde-common,0
libmbim-glib4,0
python3-pyasn1,0
overlay-scrollbar,0
libxnvctrl0,0
libtagc0,0
qml-module-qtquick2,0
unity-webapps-service,0
xterm,0
libgimp2.0,0
metacity-common,0
adduser,0
texlive-pictures-doc,0
libavresample-ffmpeg2,0
linux-libc-dev,0
python3-apparmor,0
libegl1-mesa-dev,0
libxfixes-dev,0
texlive-font-utils,0
exuberant-ctags,0
libtimezonemap1,0
openprinting-ppds,0
libcheese-gtk25,0
lm-sensors,0
libpulsedsp,0
ccache,0
sshpass,0
dh-strip-nondeterminism,0
libstdc++-5-dev,0
libjte1,0
liblcms2-2,0
libalgorithm-diff-xs-perl,0
gnome-screenshot,0
install-info,0
leafpad,0
gnome-sound-recorder,0
rarian-compat,0
libopencv-core2.4v5,0
libhtml-form-perl,0
libedit2,0
libass5,0
libbz2-1.0,17166216
libgnome-keyring-common,0
xarchiver,0
libmtp-runtime,0
libgnome-2-0,1408
libgnome-bluetooth13,0
python3-guacamole,0
lib32quadmath0,0
libappstream3,0
guvcview,0
chrpath,0
openssl,0
python3-cairo,0
accountsservice,7366902
fuse,0
texlive-latex-base-doc,0
libxext6,119259599
gir1.2-accounts-1.0,0
libklibc,0
gir1.2-signon-1.0,0
spice-client-glib-usb-acl-helper,0
fonts-tlwg-mono-ttf,0
libjpeg-dev,0
click-apparmor,0
libm17n-0,0
fonts-tlwg-typewriter-ttf,0
libopencv-flann2.4v5,0
libacl1-dev,3944
libconfig-inifiles-perl,0
libgdata-common,0
ntpdate,0
lubuntu-icon-theme,0
byobu,0
libsdl2-2.0-0,0
liblouisutdml-bin,0
libcryptsetup-dev,0
javascript-common,0
libsofia-sip-ua0,0
libsub-install-perl,0
librdf0,0
device-tree-compiler,0
libjline-java,0
gir1.2-gudev-1.0,0
qtdeclarative5-ubuntu-ui-toolkit-plugin,0
python3-uno,0
libheimntlm0-heimdal,7405758
iputils-ping,0
python3-apt,0
linux-modules-4.15.0-47-lowlatency,0
libwinpr-path0.1,0
powerd,0
tree,0
libstartup-notification0,29455965
liblsan0,0
libqt5quicktest5,0
gnupg,0
libhud2,0
mythes-en-us,0
libe-book-0.1-1,0
python-chardet,0
python3-ptyprocess,0
texlive-pstricks-doc,0
grub-gfxpayload-lists,0
libfftw3-double3,0
libfreetype6,112776446
libfwup0,0
vim-scripts,0
lubuntu-artwork-16-04,0
libgmime-2.6-0,0
gir1.2-javascriptcoregtk-4.0,0
libpython2.7,0
libpython2.6,0
libemail-valid-perl,0
libfltk1.1,0
libterm-readkey-perl,0
nvidia-settings,0
liboxideqtcore0,0
i965-va-driver,0
ncurses-bin,0
libportaudio2,0
language-selector-gnome,0
python-wheel,0
qdbus,0
nvidia-384,36828304
ubuntu-fan,0
docbook-utils,0
libpcsclite1,0
qemu-user-static,0
libaccounts-glib0,0
python-apt-common,0
isc-dhcp-client,7111577
libsoup-gnome2.4-1,7367813
liblouisutdml-data,0
ubuntu-release-upgrader-core,0
sgmlspl,0
gsettings-ubuntu-schemas,0
python3-cffi-backend,0
sylpheed-doc,0
libvte-common,0
libtexluajit2,0
colord,9361
ofono,7367822
libc6-i386,0
libosp5,0
libnma-common,0
libpci3,0
gnome-system-monitor,0
libtotem-plparser18,0
findutils,3210
libsonic0,0
libwrap0,39116989
libnatpmp1,0
libhunspell-1.3-0,0
lightdm-gtk-greeter,0
qtdeclarative5-qtquick2-plugin,0
gstreamer1.0-plugins-base,0
git-el,0
libfile-stripnondeterminism-perl,0
p7zip-full,0
libkeyutils1,34364253
account-plugin-facebook,0
iptables,0
gnome-robots,0
gir1.2-secret-1,0
tracker-miner-fs,0
ibus-table,0
libgdk-pixbuf2.0-common,0
dc,4548
realmd,0
libreoffice-math,0
xorg-docs-core,0
onboard,0
python3-xlsxwriter,0
gnome-session-bin,0
xfslibs-dev,0
emacs24-common-non-dfsg,0
libtag1v5,0
libflite1,0
update-notifier-common,0
libelf-dev,0
fcitx-frontend-qt5,0
fcitx-frontend-qt4,0
patch,0
libxcb-image0,0
e2fslibs,0
libcolumbus1-common,0
texlive-pstricks,0
libunicode-linebreak-perl,0
libatspi2.0-0,49022896
enchant,4067
qmlscene,0
apache2-utils,0
libidn11,36143832
libio-socket-ssl-perl,0
linux-modules-4.15.0-43-lowlatency,0
libtinyxml2.6.2v5,0
libfont-afm-perl,0
xdg-user-dirs-gtk,0
plymouth-theme-lubuntu-text,0
pinentry-gnome3,0
libopenal1,0
gcc-5,0
libsombok3,0
libxss-dev,0
hwdata,0
libopts25,0
libbrasero-media3-1,0
libjansson4,0
libisc-export160,14474695
libpython3.5-dev,0
libhtml-parser-perl,0
libgnome-keyring0,3251
glib-networking-common,0
gnome-terminal,0
librhino-java,0
libattr1,33762466
binfmt-support,0
unity-scope-chromiumbookmarks,0
libavc1394-0,0
app-install-data-partner,0
system-config-printer-gnome,0
hplip,0
x11proto-fixes-dev,0
audacious-plugins-data,0
growisofs,0
xinetd,4838392
crda,0
zlib1g-dev,0
libgnutlsxx28,0
libboost-program-options1.58.0,0
libdjvulibre21,0
xscreensaver,0
libmirclient9,41655568
ruby-test-unit,0
thermald,0
gir1.2-pango-1.0,0
gstreamer1.0-plugins-bad-faad,0
vim-addon-manager,0
libfm-data,0
tcpd,0
libxdamage1,104534359
libmime-charset-perl,0
network-manager,0
libfile-fcntllock-perl,0
libbluray1,0
gnome-mines,0
gnome-terminal-data,0
libaudit-common,0
bridge-utils,0
ubuntu-system-service,0
apache2-data,0
vbindiff,0
libapparmor-dev,1007
libgmp-dev,0
gir1.2-gtk-3.0,0
libsemanage1,0
unity-lens-music,0
memtest86+,0
libido-0.1-0,0
simple-scan,0
libxfreerdp-client1.1,0
libframe6,0
pulseaudio-module-x11,0
gnome-settings-daemon-schemas,0
liblangtag1,0
liblwp-mediatypes-perl,0
liba11y-profile-manager-0.1-0,0
libsnappy1v5,0
libwinpr-utils0.1,0
libtracker-miner-1.0-0,0
liblouis9,0
bluez-obexd,0
libsvn1,0
fonts-kacst,0
signon-ui-x11,0
libcue1,0
libxcb-render-util0,0
libx32ubsan0,0
libfontenc1,7488600
texlive,0
libwinpr-pool0.1,0
cups-filters,0
iw,0
libaspell15,0
libgarcon-common,0
p11-kit-modules,0
lib32gcc1,0
xserver-xorg-video-all-hwe-16.04,0
libhybris-common1,0
libexo-helpers,0
make,0
python3-markupsafe,0
pcmanfm,7368326
galculator,0
tex-gyre,0
python-samba,0
libnet-ip-perl,0
libspectre1,0
libusb-1.0-0-dev,0
libsoup2.4-1,21874040
libruby2.3,2802
initramfs-tools-core,0
unity-control-center-faces,0
libexo-common,0
libmagickcore-6.q16-2,0
libxfont1,0
libavahi-common-data,0
libgcab-1.0-0,9678097
zlib1g,334596437
libde265-0,0
qtdeclarative5-unity-action-plugin,0
libxfont2,7488022
liblist-moreutils-perl,0
libqpdf17,0
libexempi3,0
liboobs-1-5,0
libgdata22,0
run-one,0
speech-dispatcher,0
libhx509-5-heimdal,7407574
gzip,0
libgoffice-0.10-10-common,0
keyutils,0
libnetfilter-conntrack3,0
sendmail-cf,0
libcmis-0.5-5v5,0
unity-gtk3-module,0
libdbi-perl,0
lubuntu-default-session,0
fonts-tibetan-machine,0
xserver-xorg-video-vmware-hwe-16.04,0
fonts-sil-abyssinica,0
libmjpegutils-2.1-0,0
libxkbcommon-x11-0,0
libibus-1.0-5,0
libcap-dev,0
tracker-extract,0
gnumeric-common,0
lib32atomic1,0
unity-scope-zotero,0
python3-pexpect,0
xserver-xorg-video-intel-hwe-16.04,0
python3-bs4,0
libusbmuxd4,14728726
vim,0
fcitx-config-common,0
libfarstream-0.2-5,0
libglu1-mesa-dev,0
esound-common,0
webapp-container,0
vdpau-driver-all,0
libopencv-calib3d2.4v5,0
qtdeclarative5-accounts-plugin,0
xbitmaps,0
libgoa-backend-1.0-1,7367556
libdata-alias-perl,0
libdca0,0
linux-headers-4.15.0-47-lowlatency,0
libnux-4.0-0,0
libgom-1.0-0,0
telepathy-mission-control-5,0
libsynctex1,0
python3-urllib3,0
fonts-stix,0
fop,0
rhino,0
tracker,0
libkrb5-3,34363606
libdbusmenu-gtk3-4,22091604
linux-firmware,0
gir1.2-gdata-0.0,0
liblinear3,0
python3-brlapi,0
libmagic1,0
libksba8,0
libgmtk1,0
indicator-sound-gtk2,7364931
mplayer2,0
unity-scope-virtualbox,0
sni-qt,0
gcc-6-base,0
libaa1,0
libfile-which-perl,0
libcomerr2,34362779
libxcb-keysyms1,0
libcdio13,0
libxcb-glx0,0
dirmngr,0
example-content,0
libcogl-pango20,0
readline-common,0
xfonts-base,0
libenchant1c2a,12206056
libudev1,92587698
liblua5.3-0,0
libpython3.5,3282
pkg-config,0
im-config,0
libgs9,0
libbsd0,7489949
python3-pycurl,0
libapache-pom-java,0
libxcb1,141351466
libmodplug1,0
gnome-session-canberra,0
ppp,0
adium-theme-ubuntu,0
git,4527
python3-plainbox,0
uvcdynctrl-data,0
unity-scope-gdrive,0
libpciaccess0,7490834
libunity-control-center1,0
libxpm4,0
python-pycurl,0
ruby2.3,0
libqt5dbus5,7367338
gnome-user-guide,0
git-core,0
mtr-tiny,0
gvfs-backends,47429428
update-inetd,0
printer-driver-postscript-hp,0
libxcb-xf86dri0,0
libaudiofile1,0
libmm-glib0,7363685
libgtkspell0,0
libharfbuzz-icu0,7368080
libjsoncpp1,0
python3-chardet,4334
evolution-plugins,0
lubuntu-software-center,0
evolution-common,0
libxml-commons-resolver1.1-java,0
liblouis-data,0
libmspack0,0
libxxf86vm1,0
g++-multilib,0
lxsession-dbg,0
libopus0,0
lib32z1,0
libcanberra-gtk0,0
plymouth,0
libgtk2-perl,0
libxaw7,0
libgtk-3-bin,0
libalgorithm-diff-perl,0
libedata-cal-1.2-28,0
libcdio-paranoia1,0
console-setup-linux,0
ifupdown,0
oxideqt-codecs-extra,0
libsndio-dev,0
brasero,0
libgudev-1.0-0,51558236
libdns162,0
libwebp5,7365233
libpython3.5-stdlib,0
libnih-dbus1,29455766
libwinpr-synch0.1,0
libgconf-2-4,6121390
libsbc1,0
libmbim-proxy,0
emacs24-bin-common,0
librbd1,0
gir1.2-zeitgeist-2.0,0
freerdp-x11,0
dnsmasq-base,0
git-daemon-run,0
xserver-xorg-legacy-hwe-16.04,0
fonts-tlwg-laksaman-ttf,0
libproxy1-plugin-networkmanager,0
librsvg2-2,7366488
libqt4-sql,0
qml-module-qtquick-window2,0
pulseaudio-utils,0
libnm-gtk-common,0
libgcrypt20,334070024
diffutils,0
libavcodec-ffmpeg56,0
libcdt5,0
libparams-util-perl,0
libsecret-common,0
command-not-found-data,0
libcupsfilters1,0
base-passwd,0
libwinpr-input0.1,0
libgcc1,95507741
xserver-xorg-input-synaptics-hwe-16.04,0
libpango-perl,0
libevent-2.0-5,7365931
linux-modules-4.15.0-48-lowlatency,0
unity-webapps-qml,0
libvorbisidec1,0
libslang2,0
update-manager-core,0
gir1.2-gdkpixbuf-2.0,0
libx264-148,0
libvorbisenc2,14730569
mountall,0
libsystemd0,249587633
libqpdf21,0
espeak-data,0
libgtksourceview-3.0-1,0
emdebian-archive-keyring,0
emacs24-el,0
libgupnp-1.0-4,0
libopencv-objdetect2.4v5,0
avahi-daemon,0
gtk2-engines-pixbuf,0
libpresage-data,0
python-setuptools,0
libunistring0,0
libsuitesparseconfig4.4.6,0
libpango-1.0-0,105286947
libxau-dev,0
g++-5-multilib,0
libxcomposite1,97924978
libopencv-legacy2.4v5,0
libgtkspell3-3-0,4842490
libfribidi0,0
printer-driver-ptouch,0
libboost-system1.58.0,41658370
fcitx-ui-classic,0
libllvm6.0,0
libloudmouth1-0,0
python-pip,0
gdbserver,0
friendly-recovery,0
libconfig-file-perl,0
bogofilter-common,0
gnome-control-center,0
python-pil,0
libxml-sax-perl,0
libglib2.0-bin,0
hardening-includes,0
libcanberra-pulse,0
x11-apps,2614
libk5crypto3,34362884
update-manager,0
libmirclient-dev,0
libxcb-icccm4,0
python-pkg-resources,0
libxcb-shm0,105290102
iperf,0
libxen-4.6,0
libqt4-dbus,0
libnotify4,36819119
signon-plugin-oauth2,0
ttf-ubuntu-font-family,0
libieee1284-3,0
dns-root-data,0
acpica-tools,0
yelp-xsl,0
python3-reportlab-accel,0
libhtml-format-perl,0
libpam-runtime,0
rhythmbox-plugin-zeitgeist,0
upower,7367605
libreoffice-calc,0
g++-5,0
libgeocode-glib0,0
lynx-cur,0
gawk,0
sgml-data,0
libgles2-mesa-dev,0
libbrlapi0.6,0
fonts-texgyre,0
librados2,0
libfontembed1,0
pinentry-curses,0
baobab,0
openjdk-8-jdk-headless,0
libqqwing2v5,0
libp11-kit0,88382498
python3.5-minimal,0
libpanel-applet0,0
libhtml-tagset-perl,0
libiscsi2,0
libaudtag2,0
libxfconf-0-2,7365171
pixz,0
nmap,0
libebackend-1.2-10,0
python-debian,0
libspeexdsp1,7365583
texlive-binaries,0
a11y-profile-manager-indicator,0
libunity-settings-daemon1,0
libmicrohttpd-dev,0
libcgi-pm-perl,0
libudev-dev,0
indicator-bluetooth,0
librbd-dev,0
libldap-2.4-2,14811916
libsmbclient,0
libgl1-mesa-glx,0
libfdt1,4567
netcat-openbsd,0
samba-common-bin,0
libspice-protocol-dev,0
transmission-gtk,0
gir1.2-gstreamer-1.0,0
libjpeg9,0
libjpeg8,0
emacsen-common,0
gstreamer1.0-plugins-bad-videoparsers,0
sessioninstaller,0
libmtp-common,0
python-cycler,0
evolution-data-server,0
libonig2,0
libelf1,0
printer-driver-hpcups,0
libbabeltrace-ctf1,0
ruby-minitest,0
librasqal3,0
libsoundtouch1,0
libqt5organizer5,0
libreoffice-style-breeze,0
tla-doc,0
libtasn1-6,36143192
libltdl7,14729878
bamfdaemon,7365969
unity-scope-yelp,0
liblockfile-bin,0
lightdm,7365219
gnome-nibbles,0
libwind0-heimdal,7403847
logrotate,0
lxterminal,4682129
base-files,0
xserver-xorg-video-ati-hwe-16.04,0
liblapack3,0
unity-scope-texdoc,0
librados-dev,0
libaudit1,56859004
python3-checkbox-support,0
libqt5gui5,0
python-dbus,0
efibootmgr,0
libavalon-framework-java,0
libmutter0g,0
cups-server-common,0
light-locker,0
texlive-fonts-recommended,0
google-chrome-stable,0
libgexiv2-2,0
ubuntu-application-api3-test,0
libgvnc-1.0-0,0
xorg,0
docbook-dsssl,0
gconf2,5783
libxml-commons-external-java,0
mscompress,0
libwvstreams4.6-extras,0
fonts-liberation,0
linux-image-4.15.0-43-lowlatency,0
libostyle1c2,0
libndp0,0
libpango1.0-0,0
nautilus-sendto,0
libexpat1,116623157
tali,0
libcap-ng-dev,0
libdatetime-locale-perl,0
xserver-xorg-video-nouveau-hwe-16.04,0
binutils-dev,0
libsdl-ttf2.0-0,0
libncurses5,0
libqt5widgets5,0
libwmf0.2-7,0
python3-padme,0
graphviz,0
kexec-tools,0
gir1.2-ibus-1.0,0
libfreerdp-primitives1.1,0
libisc160,0
libjs-jquery,0
branding-ubuntu,0
tftpd,0
python-pygments,0
libpoppler58,0
libaprutil1-ldap,0
grub-common,0
libncursesw5,0
wvdial,0
printer-driver-sag-gdi,0
libx11-xcb1,36819158
cabextract,0
libpython3-stdlib,0
libgom-1.0-common,0
libsignon-plugins-common1,0
gconf-service-backend,6120817
libots0,0
gnome-font-viewer,0
libsndfile1,14730984
wireless-regdb,0
gir1.2-gee-0.8,0
rake,0
evolution,0
libpcrecpp0v5,0
python3-debian,0
libgtk-3-common,0
checkbox-gui,0
cifs-utils,5084
dctrl-tools,0
liblcms2-utils,0
unity-scope-video-remote,0
emacs24-common,0
sylpheed-i18n,0
fonts-lohit-guru,0
libwinpr-dsparse0.1,0
libtotem0,0
psmisc,2929
libspice-server-dev,0
libgfbgraph-0.2-0,0
cscope,0
libmpeg2-4,0
libfontconfig1,105287964
indicator-session,0
ttf-bitstream-vera,0
libxerces2-java,0
libbabl-0.1-0,0
ed,0
libdmapsharing-3.0-2,0
python-tz,0
uuid-dev,0
libxml-simple-perl,0
compiz,0
libtbb2,0
libvisual-0.4-0,0
libfreerdp-gdi1.1,0
libgucharmap-2-90-7,0
libglu1-mesa,0
liboauth0,0
blt,0
libavfilter-ffmpeg5,0
gnome-icon-theme-symbolic,0
libdconf1,0
notification-daemon,0
gnome-online-accounts,14733647
libaccount-plugin-google,0
libbluetooth-dev,5256
usb-creator-common,0
libunity-gtk3-parser0,0
fcitx-data,0
libdrm-intel1,0
libblkid-dev,0
libpcre3,472350985
fonts-dejavu-extra,0
overlay-scrollbar-gtk2,0
gnumeric,0
libqt5printsupport5,0
gnu-efi,0
linux-image-4.15.0-47-lowlatency,0
libgtk-vnc-2.0-0,0
libmedia1,0
rtkit,7367143
fonts-thai-tlwg,0
lxsession-logout,0
indicator-sound,0
gedit-plugins,0
xkbset,0
fontconfig-config,0
ibus-gtk3,0
libmtdev1,0
libcurl3,7368720
fonts-tlwg-typist-ttf,0
libslang2-dev,0
python-software-properties,0
cheese,0
udisks2,7375746
ubuntu-release-upgrader-gtk,0
python3-cupshelpers,0
libthai-data,0
libunity-misc4,0
rpcbind,7364738
mtools,2704
libgtk2.0-bin,0
ubuntu-settings,0
libnss3,0
libmms0,0
libpng12-0,112775842
docbook-xml,0
unity-scope-tomboy,0
libmng2,0
libffi6,312931485
parallel,0
gkbd-capplet,0
xdg-user-dirs,0
xmlto,0
libimlib2,7366391
hud,7366190
libx32quadmath0,0
texlive-latex-extra,0
libnetpbm10,0
libart-2.0-2,3800
libfcgi-perl,0
python3-speechd,0
qtdeclarative5-dev-tools,0
libisccfg140,0
libgl1-mesa-dev,0
desktop-base,0
intel-gpu-tools,11842
pm-utils,0
tcpdump,0
libgraphite2-3,105290512
libxcb-render0,105288515
libpangoft2-1.0-0,105288994
libtimezonemap-data,0
python-gobject,0
plymouth-theme-lubuntu-logo,0
hicolor-icon-theme,0
texlive-math-extra,0
gnumeric-doc,0
lxsession-data,0
xboard,0
ant,0
libfakeroot,0
libegl1-mesa,0
libassuan0,4839834
fonts-tlwg-waree,0
gnome-video-effects,0
libreoffice-avmedia-backend-gstreamer,0
libsidplayfp4,0
geoclue-ubuntu-geoip,0
libsnmp30,0
libgirepository-1.0-1,7366314
system-tools-backends,0
libnet-http-perl,0
realpath,0
libsnmp-base,0
debhelper,0
libxcb-dri2-0-dev,0
libglibmm-2.4-1v5,0
lxpanel-data,0
gir1.2-soup-2.4,0
libprotobuf9v5,0
libfile-copy-recursive-perl,0
libfm-modules,0
fwupdate-signed,0
apt-file,0
libdns-export162,14475371
fonts-tlwg-typo,0
x11proto-randr-dev,0
unity-services,0
apt-transport-https,0
evince-common,0
libnl-3-200,0
light-locker-settings,0
fakeroot,2429
lib32itm1,0
libcommon-sense-perl,0
unity-scope-openclipart,0
libreoffice-pdfimport,0
libguvcview-1.1-1,0
zeitgeist-core,14733175
libunity-gtk2-parser0,0
libxrender1,111898363
texlive-fonts-recommended-doc,0
libglapi-mesa,0
libubuntu-application-api3,0
btrfs-tools,7604
libbinio1v5,0
software-properties-common,0
xkb-data,0
liberror-perl,0
thunderbird-gnome-support,0
libatkmm-1.6-1v5,0
lsb-base,0
lp-solve,0
sgml-base,0
xfburn,0
os-prober,0
gstreamer1.0-clutter-3.0,0
libx11-dev,0
libssh2-1,0
ethtool,0
qtdeclarative5-test-plugin,0
openjdk-8-jdk,0
geoclue,0
libvorbis0a,14729317
cpio,0
libboost-iostreams1.58.0,0
ssh,0
cups-ppdc,0
util-linux,7370461
libcryptui0a,0
cups-daemon,42231
x11proto-input-dev,0
libmetacity-private3a,0
libpam-modules-bin,0
printer-driver-splix,0
python2.7-dev,0
python3-blinker,0
liblwres141,0
bison,0
net-tools,0
libpng12-dev,0
po4a,0
libjson-glib-1.0-common,0
fonts-tlwg-purisa,0
libavahi-ui-gtk3-0,0
liblz4-1,0
libgnomeui-common,0
foomatic-db-compressed-ppds,0
libwildmidi1,0
texlive-extra-utils,0
gnome-sudoku,0
libtext-iconv-perl,0
kmod,0
signon-ui,0
unity-gtk-module-common,0
python3-pyparsing,0
unity-control-center-signon,0
libzzip-0-13,0
gnome-user-share,0
unity-scope-manpages,0
libparams-validate-perl,0
presage,0
ruby-did-you-mean,0
libfm-gtk4,14729188
libxklavier16,0
libcrystalhd3,0
screen,1128118
libcogl-path20,0
qemu-user,0
gstreamer1.0-plugins-ugly,0
libtexlua52,0
libaio-dev,0
autoconf,0
cpp-5,0
cups-common,0
xserver-xephyr,0
libnautilus-extension1a,0
mplayer,0
libaccount-plugin-generic-oauth,0
texlive-latex-extra-doc,0
adwaita-icon-theme-full,0
libpci-dev,0
libgd3,0
plymouth-theme-ubuntu-text,0
poppler-utils,0
gir1.2-glib-2.0,0
linux-headers-4.15.0-43-lowlatency,0
ubuntu-advantage-tools,0
lsb-release,0
libnuma1,7368969
librhythmbox-core9,0
libhttp-parser2.1,0
fonts-tlwg-garuda,0
gnupg2,0
liblightdm-gobject-1-0,0
python3-aptdaemon.gtk3widgets,0
nux-tools,0
libsepol1,0
libipc-run-perl,0
ibus,0
python3.5,0
libgtkglext1,0
ruby,0
busybox-static,0
libtext-levenshtein-perl,0
gnome-keyring,7364971
libdbusmenu-gtk4,14774015
gnome-desktop3-data,0
libisl15,0
libunity-core-6.0-9,0
netpbm,51359
lxpolkit,0
libraptor2-0,0
guile-2.0-libs,0
libexttextcat-2.0-0,0
procps,4447
python3-commandnotfound,0
libxvidcore4,0
libopenjpeg5,0
texlive-base,0
libhpmud0,0
libice6,14730113
libgnomekbd8,0
libupower-glib3,14729604
zenity,0
libmicrohttpd10,0
rhythmbox,0
texinfo,0
initramfs-tools,0
gstreamer1.0-plugins-ugly-amr,0
whois,0
libxcb-xfixes0,0
hostname,0
libxcb-util1,29457179
gparted,0
libio-pty-perl,0
libschroedinger-1.0-0,0
cups-filters-core-drivers,0
python-dev,0
cheese-common,0
libmediaart-2.0-0,0
five-or-more,0
libgcrypt20-dev,0
libreadline6,0
libxres1,14732108
rhythmbox-data,0
cups-bsd,0
libfile-homedir-perl,0
gir1.2-gtksource-3.0,0
libgpm2,3419
libx32itm1,0
libgettextpo0,0
libjavascriptcoregtk-4.0-18,7366710
emacs24,0
toshset,0
manpages,0
xbacklight,0
libxmu6,0
apparmor-easyprof-ubuntu,0
dblatex,0
libobrender32,7367518
unity-lens-files,0
libubuntutoolkit5,0
iso-codes,0
fcitx-module-lua,0
libhttp-date-perl,0
python2.7-minimal,0
pptp-linux,0
libopencv-features2d2.4v5,0
python-lxml,0
libgnomeui-0,5127
libblkid1,16717258
python-all-dev,0
apt-mirror,0
libgeis1,0
plainbox-provider-checkbox,0
libxml-sax-expat-perl,0
libgweather-common,0
libmythes-1.2-0,0
gdb,4147
pppconfig,0
libcpufreq0,0
samba-libs,0
libhardware2,0
samba,0
openjdk-8-jre-headless,0
librsvg2-common,0
fcitx-module-dbus,0
libgmpxx4ldbl,0
libbonobo2-0,5045
xorg-sgml-doctools,0
apache2,0
subversion,0
signon-plugin-password,0
libgtop2-common,0
t1utils,0
signon-keyring-extension,0
libxau6,148837068
libxshmfence-dev,0
libgnutls-openssl27,0
checkbox-converged,0
brasero-cdrkit,0
libdjvulibre-text,0
libxcb-sync1,0
gir1.2-dbusmenu-glib-0.4,0
libexttextcat-data,0
gir1.2-webkit2-4.0,0
sound-theme-freedesktop,0
libgtk2.0-0,112557917
libgpg-error0,334071281
network-manager-pptp-gnome,0
apache2-bin,1987072
libwebkit2gtk-4.0-37-gtk2,0
freepats,0
libvpx3,0
gnome-settings-daemon,0
gettext-base,0
libmpg123-0,0
libcheese8,0
libgomp1,0
sysvinit-utils,0
udev,1992405
helix-cli,0
libaccounts-qt5-1,0
gnome-music,0
libnm-glib-vpn1,0
libwmf-bin,0
libdbusmenu-glib4,44224833
libatomic1,0
rsync,0
libcacard0,0
aptdaemon,0
libselinux1,463000901
mutter-common,0
libitm1,0
automake,0
libsqlite3-0,51367932
schroot-common,0
libparams-classify-perl,0
pavucontrol,0
libaccountsservice0,0
libfreerdp-utils1.1,0
fonts-nanum,0
anacron,0
fonts-khmeros-core,0
xserver-xorg-hwe-16.04,0
python3-gi,0
libx32asan2,0
imagemagick-common,0
libxcb-render0-dev,0
intel-microcode,0
libclass-factory-util-perl,0
acl,2394
libqtgui4,0
lynx,0
colord-data,0
libsgutils2-2,0
libamd2.4.1,0
libfcitx-config4,0
libcompizconfig0,0
libgcr-base-3-1,52246093
libwebpmux1,0
libbluetooth3,0
libxtst6,13973709
libxi-dev,0
librtmp1,7366149
libgtkmm-2.4-1v5,0
liborbit-2-0,8947
dput,0
smbclient,0
libtasn1-6-dev,0
fonts-lyx,0
libmspub-0.1-1,0
libhttp-daemon-perl,0
emacs,0
libgutenprint2,0
libcupsppdc1,0
libfile-desktopentry-perl,0
libperlio-gzip-perl,0
python-tdb,0
initramfs-tools-bin,0
libdw1,0
libreoffice-ogltrans,0
libmircore-dev,0
libseccomp-dev,0
libaccount-plugin-1.0-0,0
libsdl2-dev,0
ubuntu-keyring,0
debianutils,2051
liblangtag-common,0
libgnomevfs2-common,0
libxen-dev,0
python3-renderpm,0
libx11-doc,0
realvnc-vnc-viewer,0
libcamd2.4.1,0
shared-mime-info,0
gedit-common,0
unity-scope-colourlovers,0
libcogl-common,0
libmediawiki-api-perl,0
devscripts,0
libtotem-plparser-common,0
x11-utils,7777
libwvstreams4.6-base,0
libcompfaceg1,0
libpython-all-dev,0
default-jre-headless,0
texlive-latex-recommended-doc,0
geoip-database,0
at,7366625
file,0
libappstream-glib8,9678763
samba-common,0
libxcb-glx0-dev,0
libthai0,105288603
liblircclient0,0
aisleriot,0
gtk3-engines-unico,0
python-six,0
libebook-contacts-1.2-2,0
gettext,3175
libgnutls30,36144256
libmessaging-menu0,0
libgupnp-av-1.0-2,0
unattended-upgrades,0
liborcus-0.10-0v5,0
libogg0,14728634
dh-autoreconf,0
libwinpr-sspi0.1,0
libdpkg-perl,0
time,0
keyboard-configuration,0
liblua5.1-0,0
gir1.2-unity-5.0,0
libasprintf0v5,0
libmount-dev,0
fcitx-config-gtk2,0
liblwp-protocol-https-perl,0
libparse-debian-packages-perl,0
libheimbase1-heimdal,7406225
liboxideqtquick0,0
pulseaudio,14734082
e2fsprogs,0
openbox,7364232
xserver-xorg-video-qxl-hwe-16.04,0
libc-dev-bin,0
cpp,0
libnm0,7364502
command-not-found,0
libsasl2-modules-db,0
java-common,0
libquvi-scripts,0
libavahi-common3,13250565
fcitx-frontend-all,0
libreadline5,0
fonts-lao,0
ibus-gtk,3500
libplist3,14727784
git-man,0
libgssapi3-heimdal,7405931
gstreamer1.0-plugins-good,0
libdatetime-timezone-perl,0
libopencv-highgui2.4v5,0
deja-dup,14730518
activity-log-manager,0
gcc-5-base,0
python3-jinja2,0
init-system-helpers,0
init,0
tk,0
apport,0
makedev,0
libxcb-present0,0
xfonts-100dpi,0
aspell-en,0
libtracker-control-1.0-0,0
gnome-themes-standard-data,0
python3-cryptography,0
libidn11-dev,0
libclucene-core1v5,0
libc6-dev-x32,0
unity-greeter,0
libudisks2-0,14741715
libgphoto2-port12,7365474
fonts-takao-pgothic,0
libffmpegthumbnailer4v5,0
gstreamer1.0-fluendo-mp3,0
libunity-protocol-private0,0
libsignon-extension1,0
fcitx-module-x11,0
libcommons-parent-java,0
lxsession-default-apps,0
gpicview,0
gstreamer1.0-libav,0
mount,5394
indicator-keyboard,0
libedataserver-1.2-21,0
libpulse-dev,0
dosfstools,0
libvo-aacenc0,0
libmtp9,0
libkate1,0
libgnutls28-dev,0
libclone-perl,0
libgeonames0,0
python3-cups,0
libmagickwand-6.q16-2,0
unix-build,0
libxrandr2,111895969
nano,0
libaacs0,0
lxsession,7365198
libxfce4ui-common,0
x11-xkb-utils,0
libiscsi-dev,0
git-mediawiki,0
policykit-1,1989771
ntp,0
libmpx0,0
python3-louis,0
libwacom-common,0
libxslt1.1,7367823
libnux-4.0-common,0
libcap2,26064991
rygel,0
pidgin,0
pbzip2,0
libatm1,0
icc-profiles-free,0
libclutter-1.0-common,0
usb-modeswitch,0
fonts-tlwg-kinnari-ttf,0
libwinpr-file0.1,0
makedumpfile,0
unity-lens-applications,5726
dnsutils,0
indicator-datetime,0
manpages-dev,0
libwavpack1,0
gstreamer1.0-alsa,0
libwmf0.2-7-gtk,0
rename,0
autotools-dev,0
libmpfr4,0
ssl-cert,0
libyaml-tiny-perl,0
nfs-common,7367534
libpam-gnome-keyring,0
libxinerama1,111897472
mlocate,0
gnome-software-common,0
libdbus-1-dev,3522
libxmuu1,0
libpangoxft-1.0-0,7366375
libcups2,82189
aptitude,0
libotf0,0
gir1.2-freedesktop,0
libreoffice-style-galaxy,0
rubygems-integration,0
gir1.2-rb-3.0,0
printer-driver-foo2zjs,0
network-manager-pptp,0
usermode,0
libtext-unidecode-perl,0
tzdata,0
libpixman-1-0,112773962
libxcb-shape0-dev,0
update-notifier,7369022
python-gi,0
libyelp0,0
system-config-printer-common,0
pidgin-libnotify,0
libssh-gcrypt-4,0
python3-idna,0
libgbm1,0
gir1.2-dee-1.0,0
hunspell-en-us,0
libgoa-1.0-common,0
libepoxy0,41659078
libpangocairo-1.0-0,105290092
libnet-smtp-ssl-perl,0
gvfs-common,0
indicator-appmenu,0
abiword-plugin-grammar,0
humanity-icon-theme,0
xserver-xorg-input-wacom-hwe-16.04,0
lxinput,0
libdiscid0,0
ubuntu-mobile-icons,0
libglade2-0,0
libpresage1v5,0
libpcre3-dev,2814
libgda-5.0-common,0
libcroco3,7368607
libbrlapi-dev,2350
libnet-libidn-perl,0
wamerican,0
nautilus,0
python-xdg,0
libxcb-dri3-dev,0
aptdaemon-data,0
diffstat,4075
gstreamer1.0-plugins-bad,0
libxcb-xv0,0
libmusicbrainz5cc2v5,0
gnome-system-log,0
gnome-mplayer,0
wbritish,0
systemd,26090550
docker-ce,14845660
libdleyna-connector-dbus-1.0-1,0
gir1.2-gst-plugins-base-1.0,0
shotwell-common,0
python3-magic,0
libc6-x32,0
libtxc-dxtn-s2tc0,0
fonts-tlwg-sawasdee,0
qml-module-qttest,0
xscreensaver-data,0
libnpth0,0
gir1.2-totem-plparser-1.0,0
fonts-tlwg-garuda-ttf,0
liblzma5,283875530
libcuda1-384,0
lxappearance-obconf,0
language-pack-gnome-en-base,0
libasound2-data,0
lib32mpx0,0
libsasl2-2,7406522
libwebkit2gtk-4.0-37,7365379
multiarch-support,0
libcanberra-gtk-module,0
cvsps,0
perl-modules-5.22,0
lbzip2,0
uvcdynctrl,0
linux-sound-base,0
libglew1.13,0
libpython2.7-dev,5403
libatk-bridge2.0-0,41657858
libwebpdemux1,7366987
pciutils,0
libptexenc1,0
gcc-multilib,0
libpcre16-3,7368153
python-crypto,0
fonts-tlwg-typo-ttf,0
scrot,0
python-matplotlib,0
argyll,0
libxvmc1,0
libnet-ssleay-perl,0
apturl-common,0
ubuntu-docs,0
libmnl0,0
libsasl2-dev,0
fonts-dejavu-core,0
libssh-4,0
htop,0
rhythmbox-plugin-cdrecorder,0
x11proto-damage-dev,0
libgoffice-0.10-10,0
libwebcam0,0
libclucene-contribs1v5,0
libpython2.7-minimal,0
gnome-bluetooth,0
libgupnp-igd-1.0-4,0
libnet-domain-tld-perl,0
libao-common,0
liblocale-gettext-perl,0
gstreamer1.0-plugins-base-apps,0
libxfce4util-common,0
console-setup,0
ruby-power-assert,0
libdbus-glib-1-2,65030006
libspice-server1,0
libgail-common,0
ghostscript,0
kernel-package,0
libgrilo-0.2-1,0
libgda-5.0-4,0
libyaml-libyaml-perl,0
libkrb5-26-heimdal,7403037
libpackage-stash-perl,0
link-grammar-dictionaries-en,0
libcolord-gtk1,0
libseccomp2,14792053
python-html5lib,0
python3-systemd,0
libusbredirparser1,0
libcapnp-0.5.3,83316075
libmplex2-2.1-0,0
libglib2.0-dev,0
libglib2.0-0,1254587931
mesa-common-dev,0
libproxy1v5,0
xtrans-dev,0
grub2-common,0
unity-lens-photos,0
ndiff,0
libfuse2,4837307
bluez,7380716
libxalan2-java,0
gir1.2-click-0.4,0
python-imaging,0
libcgraph6,0
libwww-perl,0
ftp,0
libclass-accessor-perl,0
lintian,0
libbatik-java,0
libexo-1-0,0
libgcr-ui-3-1,0
libwnck-3-common,0
libgweather-3-6,0
fwupd,4838289
libarchive-zip-perl,0
poppler-data,0
libzbar0,0
libprotobuf-lite9v5,41658599
libatk-adaptor,0
libwinpr-thread0.1,0
libsane-hpaio,0
libtry-tiny-perl,0
libpython-stdlib,0
libstdc++6,95507929
bash,1692
libgpod4,0
plymouth-theme-ubuntu-logo,0
libxdo3,0
libqt4-declarative,0
seahorse,0
qml-module-ubuntu-performancemetrics,0
gir1.2-vte-2.91,0
libpangox-1.0-0,0
libpipeline1,0
libhyphen0,7366797
libpagemaker-0.0-0,0
libyaml-0-2,9675687
printer-driver-foo2zjs-common,0
libopenexr22,0
gpgv,0
libalgorithm-merge-perl,0
libfdt-dev,2636
libtypes-serialiser-perl,0
cups,0
libcacard-dev,0
libpaper1,41816
libmircookie-dev,0
libgsettings-qt1,0
tk8.6-blt2.5,0
syslinux-common,0
libunwind8,0
libnuma-dev,0
libcairo2,105289077
chromium-codecs-ffmpeg-extra,0
libtelepathy-glib0,14729509
python-glade2,0
libx32atomic1,0
libaio1,0
lrzsz,0
libhttp-cookies-perl,0
libconfig-auto-perl,0
python3-newt,0
lubuntu-core,0
libgpg-error-dev,0
python-matplotlib-data,0
dpkg,1
fonts-tlwg-sawasdee-ttf,0
grep,4467
libdw-dev,0
libgegl-0.3-0,0
librest-0.7-0,7368707
libapparmor1,22157308
libgvpr2,0
xcursor-themes,0
openssh-client,7367946
libdb5.3,0
fonts-kacst-one,0
python3-setuptools,0
libreoffice-impress,0
man-db,2638
libcryptsetup4,0
gedit,0
libpackage-deprecationmanager-perl,0
tk8.6,0
linux-headers-4.15.0-48-lowlatency,0
openssh-sftp-server,2744
gstreamer1.0-nice,0
zeitgeist-datahub,7364935
libfcitx-utils0,0
python3-dbus,0
git-arch,0
libimage-magick-q16-perl,0
python3-feedparser,0
printer-driver-c2esp,0
powermgmt-base,0
libquvi7,0
libxcb-shape0,0
libwayland-client0,41657875
lib32asan2,0
libatk1.0-data,0
unity-scope-devhelp,0
passwd,0
cups-pk-helper,0
gnome-calculator,0
libunity-scopes-json-def-desktop,0
libc6-dev,10092
libdvdnav4,0
seahorse-daemon,0
libvte-2.91-0,0
libreoffice-writer,0
desktop-file-utils,0
krb5-locales,0
librevenge-0.0-0,0
grilo-plugins-0.2-base,0
python-libxml2,0
python-aptdaemon.gtk3widgets,0
libxcb-randr0-dev,4254
syslinux-legacy,0
libgssdp-1.0-3,0
libhtml-tree-perl,0
liblzo2-2,9676103
libgif7,0
libpeas-1.0-0,7367931
libvorbisfile3,3632
libuuid1,59813775
libcurl4-gnutls-dev,0
libgksu2-0,0
bogofilter-bdb,0
libchromaprint0,0
libyajl2,0
libbamf3-2,0
python-pip-whl,0
libcairomm-1.0-1v5,0
ttf-mscorefonts-installer,0
qml-module-ubuntu-onlineaccounts,0
gir1.2-json-1.0,0
printer-driver-brlaser,0
libboost-thread1.58.0,0
fontconfig,10647
libshout3,0
patchutils,5425
libcolord2,0
libgnome2-common,0
lxrandr,0
inputattach,0
libfl-dev,0
liburi-perl,0
fcitx-bin,0
python3-six,0
bash-completion,0
libshine3,0
libnss3-nssdb,0
python3-wheel,0
libxml-namespacesupport-perl,0
brasero-common,0
tcl,0
gnome-accessibility-themes,0
libmirprotobuf3,41658261
x11proto-xext-dev,0
gtk2-engines-murrine,0
libappindicator3-1,14729610
compiz-plugins-default,0
libxrandr-dev,0
python3-distupgrade,0
freeglut3,0
gsfonts,0
libnss-mdns,0
libnspr4,0
xfonts-utils,3690
speech-dispatcher-audio-plugins,0
libparted2,0
libgoa-1.0-0b,22092334
sed,0
libdirectfb-1.2-9,0
dkms,0
glib-networking,0
libsane,0
python3-pil,17146
whoopsie,7365890
isc-dhcp-common,0
python3-pip,0
libqmi-glib5,0
libgupnp-dlna-2.0-3,0
libqmi-glib1,0
imagemagick,0
libreoffice-gtk,0
libhttp-message-perl,0
xdg-utils,0
libapt-pkg5.0,0
libdebconfclient0,0
xserver-xorg-core-hwe-16.04,7490015
lib32tinfo5,0
mime-support,0
libdatrie1,105287452
libcogl20,0
xserver-xorg-input-evdev-hwe-16.04,0
libzmq5,0
python-gtk2,0
libc6-dev-i386,0
xfonts-scalable,0
libopencore-amrnb0,0
libunity9,0
sysstat,0
ps2eps,0
libx86-1,0
libpcap0.8,0
lsof,0
binutils,0
build-essential,0
libubuntugestures5,0
libdevmapper1.02.1,7430889
libsigc++-2.0-0v5,0
libreadline6-dev,0
gucharmap,0
libwbclient0,0
libgles2-mesa,0
x11vnc,6614377
xfsprogs,0
libqt5qml5,0
libjaxp1.3-java,0
usbmuxd,0
libqt4-xml,0
libqt4-network,0
libquadmath0,0
fonts-opensymbol,0
libblas-common,0
ubuntu-ui-toolkit-theme,0
libwacom2,0
libaudit-dev,0
libgsf-1-common,0
libavformat-ffmpeg56,0
libtcl8.6,1091
indicator-printers,0
fonts-sil-padauk,0
fonts-tlwg-laksaman,0
upstart,29461483
python-numpy,0
fonts-guru,0
libtelepathy-farstream3,0
texlive-generic-recommended,0
printer-driver-pnm2ppa,0
libldb1,0
libneon27-gnutls,0
libclick-0.4-0,0
metacity,0
libgs9-common,0
libparted-fs-resize0,0
libsocket6-perl,0
libavutil-ffmpeg54,0
libasound2,0
libtidy-0.99-0,0
apparmor-easyprof,0
libqt5feedback5,0
policykit-1-gnome,0
libpython-dev,0
libccolamd2.9.1,0
plainbox-secure-policy,0
unity-scope-calculator,0
indicator-application,0
libparse-debianchangelog-perl,0
bluez-cups,0
libinput-bin,0
libxtables11,0
systemd-sysv,0
libimobiledevice6,14729493
python-decorator,0
coreutils,26986
libpathplan4,0
account-plugin-google,0
sqlite3,0
libsvn-perl,0
gvfs,0
dbus-x11,0
libxatracker2,0
libbsf-java,0
libbs2b0,0
python-ldb,0
libpython3.5-minimal,0
popularity-contest,0
libgvc6,0
libsepol1-dev,0
libc6,2504672316
tofrodos,0
libpulse0,29459889
libdatetime-format-builder-perl,0
openoffice.org-hyphenation,0
argyll-ref,0
session-shortcuts,0
x11proto-kb-dev,0
gnome-system-tools,0
libgsf-1-114,0
preview-latex-style,0
iproute2,0
lxmenu-data,0
libgeoip1,0
libmad0,0
texlive-pictures,0
zenity-common,0
libid3tag0,0
vbetool,0
qml-module-ubuntu-web,0
libpam0g,35450972
libvncclient1,6614140
python3-gi-cairo,0
gnome-session-common,0
fonts-tlwg-umpush,0
lxlauncher,0
python3-defer,0
lib32ncurses5,0
git-gui,0
libnih1,29455808
libx265-79,0
ubuntu-mono,0
pyotherside,0
gnome-orca,0
libdbus-1-3,201048449
libpthread-stubs0-dev,0
libijs-0.35,0
socat,0
virtualbox-5.2,0
libchamplain-gtk-0.12-0,0
apparmor,0
python3-minimal,0
ca-certificates,0
genisoimage,5132
policykit-desktop-privileges,0
iputils-tracepath,0
libcaca0,0
fonts-tlwg-purisa-ttf,0
libcolamd2.9.1,0
bind9-host,0
shotwell,0
libtevent0,0
lxshortcut,0
python3-software-properties,0
libx32stdc++6,0
libetonyek-0.1-1,0
autopoint,0
libfile-mimeinfo-perl,1557
libmwaw-0.3-3,0
libtdb1,7368989
nfs-kernel-server,7366788
python3-xdg,0
libwnck-3-0,7364427
libwinpr-library0.1,0
wireless-tools,0
libipc-system-simple-perl,0
inkscape,0
libgeoclue0,0
libpackage-stash-xs-perl,0
libcgmanager0,7365007
sylpheed,0
ant-optional,0
libfcitx-core0,0
libss2,0
libqtdbus4,0
libx11-xcb-dev,0
libdatetime-format-iso8601-perl,0
bc,5680
libwpd-0.10-10,0
libenca0,0
sensible-mda,0
libcgi-fast-perl,0
libc-ares2,7368035
wget,0
libxml-parser-perl,0
ufw,0
libnm-util2,0
libgnomecanvas2-0,2737
thunderbird-locale-en,0
ca-certificates-java,0
liba11y-profile-manager-data,0
libgee-0.8-2,7366156
libnm-gtk0,0
libbabeltrace1,0
libestr0,1988865
po-debconf,0
libcupscgi1,0
libxt-dev,0
libfreerdp-common1.1.0,0
libx32gcc-5-dev,0
libtie-ixhash-perl,0
audacious-plugins,0
libspice-client-glib-2.0-8,0
gdisk,0
perl,0
libdrm-dev,0
sendmail-base,0
libappindicator1,14773819
libgpod-common,0
libunity-action-qt1,0
libapparmor-perl,0
light-themes,0
libspandsp2,0
indicator-power,0
libgsm1,0
language-pack-en-base,0
evolution-data-server-online-accounts,0
libgit2-glib-1.0-0,0
libboost-filesystem1.58.0,41659421
libspeex1,0
unity-scope-home,0
linux-source-4.15.0,0
x11proto-scrnsaver-dev,0
libvo-amrwbenc0,0
libcap2-bin,0
librarian0,0
audacious,0
file-roller,0
screen-resolution-extra,0
libxv-dev,0
vim-runtime,0
plainbox-provider-resource-generic,0
libvdpau1,0
libdistro-info-perl,0
info,0
libbison-dev,0
unity-asset-pool,0
libnet-dbus-perl,0
libcanberra-gtk3-0,0
flashplugin-installer,0
libmp3lame0,0
libdouble-conversion1v5,0
libxfce4util-bin,0
libqt5positioning5,0
libclutter-gtk-1.0-0,0
libjson-c2,24076336
qpdf,0
libhttp-negotiate-perl,0
libdrm-radeon1,0
libfreerdp-client1.1,0
libqt5multimedia5,0
gconf2-common,0
libwnck22,7368522
linux-image-lowlatency-hwe-16.04-edge,0
ruby-net-telnet,0
curl,0
fonts-tlwg-norasi-ttf,0
libkrb5support0,34364825
gnome-mahjongg,0
libespeak1,0
cmake,0
libsdl1.2-dev,0
libwayland-dev,0
default-jre,0
dconf-gsettings-backend,0
libgdbm3,0
libpst4,0
libtheora0,0
libxkbcommon0,41657599
libxml-xpathengine-perl,0
libatasmart4,7378136
fcitx-module-kimpanel,0
libsub-name-perl,0
libva1,0
asciidoc,0
libfm4,14730177
intltool,0
libtool,0
libnotify-bin,3153
iputils-arping,3482
dos2unix,0
xinit,0
libserf-1-1,0
libqt4-xmlpatterns,0
libgcr-3-common,0
liblouisutdml6,0
vinagre,0
linux-headers-4.15.0-43,0
libcairo-gobject2,41656050
libebook-1.2-16,0
caribou,0
libcwidget3v5,0
dh-python,0
texlive-latex-base,0
libvncserver1,6611491
tftp,0
ghostscript-x,0
totem,0
libcdparanoia0,0
x11-session-utils,0
libyaml-perl,0
libtiff5,0
runit,0
libandroid-properties1,0
libreoffice-gnome,0
libprotobuf-dev,0
libmpc3,0
fonts-tlwg-kinnari,0
libqmi-proxy,0
python-bs4,0
libfluidsynth1,0
libboost-random1.58.0,0
unzip,0
x11proto-dri2-dev,0
libiec61883-0,0
libxml2-utils,0
ttf-ancient-fonts-symbola,0
menu-xdg,0
libxkbfile1,0
libfile-listing-perl,0
exo-utils,0
xserver-xorg-video-radeon-hwe-16.04,0
alsamixergui,0
libjpeg8-dev,0
transmission,0
libpopt0,4162
fonts-tlwg-umpush-ttf,0
libxcursor1,105287162
xdiagnose,0
libcc1-0,0
fonts-tlwg-loma-ttf,0
libgstreamer-plugins-bad1.0-0,0
python-aptdaemon,0
lxde-icon-theme,0
libpwquality1,0
libindicator3-7,14728186
unity-settings-daemon,0
libpolkit-gobject-1-0,33765594
cron,7371798
sylpheed-plugins,0
linux-headers-4.15.0-47-generic,0
usb-modeswitch-data,0
click,0
libesd0,0
libfwupd1,4837319
libgail-3-0,0
libmenu-cache-bin,7365680
qml-module-qtgraphicaleffects,0
appmenu-qt,0
dleyna-server,0
libwildmidi-config,0
libfile-basedir-perl,0
libabw-0.1-1v5,0
onboard-data,0
libgcc-5-dev,0
python2.7,0
python2.6,0
bashdb,0
bogofilter,0
libjack-jackd2-0,0
python-minimal,3381
mawk,0
nvidia-opencl-icd-384,0
nautilus-data,0
lib32ubsan0,0
libdleyna-core-1.0-3,0
libqt5test5,0
libtext-charwidth-perl,0
firefox,0
linux-headers-lowlatency-hwe-16.04-edge,0
alsa-utils,10508
libproxy1-plugin-gsettings,0
libdbd-sqlite3-perl,0
apt,0
blueman,0
linux-headers-4.15.0-48,0
pinentry-gtk2,0
xz-utils,0
compiz-core,0
libperl5.22,4707
apg,0
libido3-0.1-0,0
linux-headers-4.15.0-47,0
gnome-control-center-data,0
zip,0
debconf-i18n,0
libbonoboui2-common,0
lxde-core,0
libcholmod3.0.6,0
xserver-xorg-video-vesa-hwe-16.04,0
libgfortran3,0
texlive-luatex,0
m17n-db,0
unity-accessibility-profiles,0
libwnck-common,0
webbrowser-app,0
libsamplerate0,0
dash,3294913
liba52-0.7.4,0
rfkill,0
libglewmx1.13,0
libsodium18,0
libbonoboui2-0,4968
python2.6-minimal,0
libxcb-xfixes0-dev,0
python-cairo,0
python-dateutil,0
xfce4-panel,0
libxml-libxml-perl,0
libqt5svg5,0
libwww-robotrules-perl,0
gnome-nettool,0
libgsl2,0
libxrender-dev,0
lubuntu-desktop,0
network-manager-gnome,7367668
libpurple0,0
libao4,0
plymouth-label,0
libmhash2,0
pcmciautils,0
media-player-info,0
libgtk-3-0,83322833
sudo,13126586
fonts-tlwg-typist,0
libclass-singleton-perl,0
libpam0g-dev,0
wpasupplicant,0
apport-gtk,0
gsettings-desktop-schemas,0
liborc-0.4-0,14730437
x11-xserver-utils,0
libgnomevfs2-extra,0
gcc,0
libcairo-perl,0
libtinfo5,15216802
session-migration,0
libplymouth4,0
libpostproc-ffmpeg53,0
libxcb-present-dev,0
libgphoto2-6,7363982
fonts-lmodern,0
gcr,0
sbsigntool,0
libical1a,0
libxxf86vm-dev,0
libgtk2.0-common,0
python3.5-dev,0
gnome-chess,0
libnettle6,45816106
insserv,0
libdrm-amdgpu1,0
libofa0,0
adwaita-icon-theme,0
libcilkrts5,0
pigz,0
unity-scope-firefoxbookmarks,0
libabiword-3.0,0
libboost-date-time1.58.0,0
klibc-utils,0
abiword-common,0
obconf,0
libcrack2,0
ncurses-term,0
libfreerdp-plugins-standard,0
lxpanel,14738685
nvidia-prime,0
giblib1,0
qml-module-qtfeedback,0
libxshmfence1,7490284
libqt4-sql-sqlite,0
x11vnc-data,0
libavahi-core7,0
acpid,7366925
libgnome-menu-3-0,0
kbd,5283
libtracker-sparql-1.0-0,0
libroken18-heimdal,7403179
tex-common,0
libdecoration0,0
libaudcore3,0
libc6-dbg,0
jayatana,0
libreoffice-core,0
mtpaint,0
libgnomevfs2-0,4441
gir1.2-goa-1.0,0
geoclue-2.0,0
gstreamer1.0-pulseaudio,0
signond,0
libdrm-nouveau2,0
hitori,0
gimp-data,0
libasound2-plugins,0
texlive-bibtex-extra,0
flex,0
prosper,0
crash,0
libxfixes3,111900142
python,0
gstreamer1.0-x,0
git-doc,0
libpwquality-common,0
python3-aptdaemon.pkcompat,0
synaptic,0
aspell,0
dbus,7377864
wdiff,0
libx32cilkrts5,0
notify-osd-icons,0
python3-aptdaemon,0
ocl-icd-libopencl1,0
libqt5sql5,0
gdebi,0
libxenstore3.0,0
qttranslations5-l10n,0
x11proto-xinerama-dev,0
libgdk-pixbuf2.0-0,117487255
libdigest-hmac-perl,0
libreoffice-common,0
hyphen-en-us,0
libecal-1.2-19,0
libxml-sax-base-perl,0
libunity-webapps0,0
mesa-vdpau-drivers,0
python3-html5lib,0
libsane-common,0
openjade,0
xinput,0
python-yaml,0
qml-module-qtquick-layouts,0
libxcb-xkb1,0
at-spi2-core,14731024
libcddb2,0
libaprutil1-dbd-sqlite3,0
cracklib-runtime,0
libevdocument3-4,0
libreoffice-help-en-us,0
multistrap,0
libwayland-server0,7366059
libgail18,2132
python-apt,0
libpython3-dev,0
libdatetime-perl,0
libqt5core5a,7368791
libsp1c2,0
usb-creator-gtk,0
libusb-1.0-0,12200751
libapt-inst2.0,0
libdotconf0,0
libwv-1.2-4,0
libsignon-glib1,0
libmusicbrainz5-2,0
libglib2.0-data,0
libencode-locale-perl,0
libuniconf4.6,0
fcitx-frontend-gtk3,0
fcitx-frontend-gtk2,4204
lshw,0
liblqr-1-0,0
libapt-pkg-perl,0
libc-bin,0
vino,0
apturl,0
libsm-dev,0
libxdamage-dev,0
libimage-magick-perl,0
libgnome-desktop-3-12,4843028
libcaca-dev,0
libxi6,105289423
libclutter-gst-3.0-0,0
ubuntu-standard,0
libbz2-dev,0
libv4lconvert0,0
libp11-kit-gnome-keyring,0
groff-base,4198
libedataserverui-1.2-1,0
python-all,0
libevview3-3,0
libncurses5-dev,4715
libgmp10,36143175
sane-utils,0
ubuntu-software,0
python3-apport,0
gnome-getting-started-docs,0
hdparm,0
xul-ext-ubufox,0
bsdutils,0
ubuntu-artwork,0
libfm-extra4,0
ncurses-base,0
libgssapi-krb5-2,26997201
libcurl3-gnutls,0
libwayland-cursor0,41657769
python-talloc,0
libuser1,0
libpcre32-3,0
whoopsie-preferences,0
libqt5sql5-sqlite,0
sp,0
python-defer,0
libcdio-cdda1,0
python3-dev,0
gnupg-agent,0
libdee-1.0-4,7366882
liblink-grammar4,0
apt-utils,0
python3-update-manager,0
ippusbxd,0
libaprutil1,1987694
libsdl1.2debian,0
libmircommon-dev,0
libicu55,154199787
libasn1-8-heimdal,7404227
liblzma-dev,0
libodfgen-0.1-1,0
libvisio-0.1-1,0
libsasl2-modules,0
libwinpr-rpc0.1,0
uno-libs3,0
libisccfg-export140,7365369
libtalloc2,0
fonts-noto-cjk,0
libdatetime-format-strptime-perl,0
libasprintf-dev,0
fwupdate,0
python3-httplib2,0
libxext-dev,1090
lib32cilkrts5,0
libxss1,0
libkeybinder0,7367514
pastebinit,0
libopencore-amrwb0,0
libustr-1.0-1,0
ure,0
eject,0
strace,0
libnet-dns-perl,0
libfcitx-qt5-1,0
libcanberra-gtk3-module,0
thunderbird,0
ubuntu-touch-sounds,0
libxfce4util7,14729457
firefox-locale-en,0
libexpat1-dev,2515
libindicator7,22138146
vim-tiny,0
libsndio6.1,0
mesa-va-drivers,0
libcupsmime1,45106
libopenal-data,0
libwhoopsie-preferences0,0
libjbig0,0
libdaemon0,0
fonts-lklug-sinhala,0
x11proto-render-dev,0
python-markdown,0
fcitx-config-gtk,0
xfce4-power-manager,7366510
cmake-data,0
ubuntu-wallpapers-xenial,0
debtree,0
libfreerdp-locale1.1,0
libtinfo-dev,3934
ubuntu-drivers-common,0
libcamel-1.2-54,0
indicator-messages,0
libxcb-randr0,0
xserver-xorg-video-fbdev-hwe-16.04,0
amd64-microcode,0
libglib-perl,0
x11proto-xf86vidmode-dev,0
sysv-rc,0
libopencv-imgproc2.4v5,0
libxdmcp-dev,0
python-gobject-2,0
libregexp-assemble-perl,0
libfftw3-single3,0
libsecret-1-0,64447324
libfreerdp-rail1.1,0
app-install-data,0
libattr1-dev,0
libwinpr-interlocked0.1,0
gnome-icon-theme,0
libmpeg2encpp-2.1-0,0
irqbalance,7367850
libgnome2-bin,0
libcommons-logging-java,0
software-properties-gtk,0
libqt5quick5,0
git-svn,0
gir1.2-appindicator3-0.1,0
debconf,0
libeot0,0
libobt2,7365891
libvte9,4682431
libdfu1,0
gvfs-libs,71705956
python3-oauthlib,0
ubuntu-restricted-addons,0
libnice10,0
schroot,0
transfig,0
xfce4-notifyd,0
bsdmainutils,9253
libkmod-dev,1343
libwayland-bin,0
libgphoto2-l10n,0
libmpdec2,0
gvfs-daemons,26133591
pidgin-data,0
g++,0
libtirpc1,14729283
libexiv2-14,0
libsmartcols1,0
qtcore4-l10n,0
wodim,0
alsa-base,0
libopencv-video2.4v5,0
distro-info-data,0
avahi-autoipd,0
libxcb-sync-dev,0
libio-string-perl,0
libpulse-mainloop-glib0,7366788
git-cvs,0
unity-schemas,0
libminiupnpc10,0
thunderbird-locale-en-us,0
libjs-jquery-ui,0
pulseaudio-module-bluetooth,0
kerneloops-daemon,2653
libmeanwhile1,0
libxcb1-dev,0
libzvbi0,0
tla,0
libx32gomp1,0
libusbredirhost1,0
apport-symptoms,0
linux-base,0
libhybris,0
liboxideqt-qmlplugin,0
libmenu-cache3,14733348
font-manager,0
libhcrypto4-heimdal,7405865
libraw1394-11,0
gitk,0
ucf,0
python3-problem-report,0
gnome-software,4841228
syslinux,0
hardinfo,0
glib-networking-services,0
abiword,0
helix-p4d-base-18.1,0
x11proto-core-dev,0
libgxps2,0
libllvm3.8,0
lmodern,0
libjson-perl,0
libpaper-utils,0
qml-module-io-thp-pyotherside,0
gir1.2-packagekitglib-1.0,0
python3-lxml,0
hamster-indicator,0
libchamplain-0.12-0,0
va-driver-all,0
usbutils,0
libtimedate-perl,0
vim-gui-common,0
libauthen-sasl-perl,0
appstream,0
libgtkmm-3.0-1v5,0
dconf-cli,0
qt-at-spi,0
locales,0
libfaad2,0
libsgmls-perl,0
libio-socket-inet6-perl,0
cvs,0
language-selector-common,0
libpam-systemd,0
libavahi-gobject0,0
resolvconf,0
fonts-guru-extra,0
libwps-0.4-4,0
libavahi-glib1,6600716
gnome-menus,0
tar,0
fonts-tlwg-loma,0
libxml2,51328800
zsync,0
lxsession-edit,0
openjdk-8-jre,0
qml-module-ubuntu-test,0
fcitx,0
libraw15,0
libkpathsea6,0
gitweb,0
libjpeg-turbo8,13978036
libjbig2dec0,0
unity-lens-video,0
libsignon-qt5-1,0
mousetweaks,0
libgarcon-1-0,0
libwpg-0.3-3,0
unity,0
libx11-protocol-perl,0
gtk2-engines,0
libubuntu-platform-hardware-api3,0
libpeas-1.0-0-python3loader,0
libasan2,0
libcap-ng0,22094860
libisccc140,0
libgmtk1-data,0
libpurple-bin,0
xfce4-power-manager-plugins,0
libxcb-dri3-0,0
login,0
liburl-dispatcher1,0
libmagick++-6.q16-5v5,0
libzephyr4,0
libxinerama-dev,0
libgpgme11,4840106
libbind9-140,0
lynx-common,0
libreoffice-draw,0
xfconf,7366165
libnfnetlink0,0
libnss3-dev,0
libexporter-tiny-perl,0
apt-rdepends,0
unity-webapps-common,0
libaudio2,0
libqt5opengl5,0
vim-common,0
libilmbase12,0
libopencv-ml2.4v5,0
less,0
libx32gcc1,0
laptop-detect,0
brltty,3599
libsidplay1v5,0
gdebi-core,0
evince,0
libqt5webkit5,0
libmailtools-perl,0
libssl-doc,0
libcanberra0,3046
libubsan0,0
libasyncns0,14728481
libjavascriptcoregtk-3.0-0,0
gvfs-bin,18551
kernel-common,0
python3-gdbm,0
gcc-5-multilib,0
fonts-lato,0
libasound2-dev,0
libpam-modules,0
libept1.5.0,0
libgstreamer-plugins-base1.0-0,44198936
libfcitx-gclient0,0
libdbusmenu-qt5,0
libxt6,3325
libdbusmenu-qt2,0
tcl8.6,0
python3,0
lib32stdc++6,0
libpolkit-agent-1-0,7366796
lxde,0
minicom,6120210
libtwolame0,0
busybox-initramfs,0
notify-osd,0
libevdev2,0
libtk8.6,0
gconf-service,0
libsaxon-java,0
libssl1.0.0,40144837
libdc1394-22,0
java-wrappers,0
libexif12,22095062
fonts-tlwg-norasi,0
libavahi-client3,13251200
libpangomm-1.4-1v5,0
libuuid-perl,0
indicator-applet-complete,0
libefivar0,0
libqt4-script,0
gir1.2-udisks-2.0,0
language-pack-en,0
fonts-tlwg-typewriter,0
libdrm-common,0
dvd+rw-tools,0
unity-gtk2-module,0
libfreerdp-codec1.1,0
lubuntu-artwork,0
ssh-import-id,0
xserver-common,0
libgme0,0
libtsan0,0
lightdm-gtk-greeter-settings,0
libharfbuzz0b,105288828
dmidecode,0
unity-control-center,0
lxtask,0
libdvdread4,0
python-pyparsing,0
python3-requests,0
gir1.2-gucharmap-2.90,0
libspeechd2,0
libgnomecanvas2-common,0
xserver-xorg-video-amdgpu-hwe-16.04,0
libpeas-common,0
libxv1,0
iucode-tool,0
libwebrtc-audio-processing-0,0
fcitx-modules,0
python3-apparmor-click,0
libfreehand-0.1-1,0
gir1.2-atk-1.0,0
liblockfile1,0
libpolkit-backend-1-0,1986474
python-tk,0
libxfce4ui-1-0,7366311
libwinpr-heap0.1,0
xml-core,0
libgc1c2,0
libzapojit-0.0-0,0
libnewt0.52,0
uuid-runtime,0
libnl-genl-3-200,0
xfce4-power-manager-data,0
libarchive13,9678644
grub-pc-bin,0
dmz-cursor-theme,0
texlive-latex-recommended,0
libjasper1,0
libxml-twig-perl,0
x11-common,0
libreoffice-base-core,0
netbase,0
libgl1-mesa-dri,0
transmission-common,0
openssh-server,4829302
gksu,0
iio-sensor-proxy,0
mutter,0
lib32gomp1,0
lib32stdc++-5-dev,0
libcdr-0.1-1,0
libcommons-io-java,0
libgstreamer-plugins-good1.0-0,0
avahi-utils,0
suru-icon-theme,0
libsrtp0,0
libedata-book-1.2-25,0
libfreerdp-cache1.1,0
libxcb-dri2-0,0
evolution-data-server-common,0
bbswitch-dkms,0
totem-plugins,0
initscripts,0
libspice-client-gtk-3.0-4,0
rhythmbox-plugins,0
libdv4,0
libcolorhug2,0
lib32gcc-5-dev,0
gir1.2-totem-1.0,0
libxdmcp6,148838575
libevolution,0
libx11-data,0
libatk1.0-0,97925968
modemmanager,2387
libvte-2.91-common,0
libwebkitgtk-3.0-0,0
gir1.2-wnck-3.0,0
unity-scopes-runner,0
ubuntu-sounds,0
libmimic0,0
xfonts-encodings,0
fonts-tlwg-mono,0
libsm6,14729104
libpython2.7-stdlib,0
libpisock9,0
bzip2,3068
lxpanel-indicator-applet-plugin,0
libjson-xs-perl,0
libfdisk1,0
perl-base,3346
dpkg-dev,0
libkmod2,9351131
account-plugin-flickr,0
gir1.2-git2-glib-1.0,0
libx11-6,133986549
python3-jwt,0
libjpeg-turbo8-dev,0
libnma0,7364161
libdrm2,7489464
squashfs-tools,0
libxcursor-dev,0
telnet,0
python3-libapparmor,0
libsensors4,0
liblua5.2-0,4707
libmodule-implementation-perl,0
kernel-wedge,0
mobile-broadband-provider-info,0
fonts-symbola,0
pppoeconf,0
eog,0
gnome-screensaver,0
yelp,0
libgnome2-0,0
libwebkitgtk-3.0-common,0
gir1.2-notify-0.7,0
libx32stdc++-5-dev,0
libwinpr-registry0.1,0
libjson-glib-1.0-0,14730936
libirs-export141,7366727
linux-image-4.15.0-48-lowlatency,0
